{
  "Default_company": {
    "Offer": {
      "Product": {
        "Material_use": 1,
        "Material_quality": 1,
        "Skill_factor": 1,
        "Quality_development_factor": 1,
        "Quality_factor": 1
      },
      "Price": 100,
      "Marketing_quantity": 100000
    },
    "Warehouses": [
      {
        "Capacity": 20000,
        "Operating_costs": 20000
      }
    ],
    "Items_in_storage": 10000,
    "Machines": [
      {
        "Production_capacity": 15000,
        "Required_workers": 5,
        "Minimum_workers": 3,
        "Energy_use": 0.5,
        "Value": 90000
      },
      {
        "Production_capacity": 15000,
        "Required_workers": 5,
        "Minimum_workers": 3,
        "Energy_use": 0.5,
        "Value": 90000
      },
      {
        "Production_capacity": 15000,
        "Required_workers": 5,
        "Minimum_workers": 3,
        "Energy_use": 0.5,
        "Value": 90000
      },
      {
        "Production_capacity": 15000,
        "Required_workers": 5,
        "Minimum_workers": 3,
        "Energy_use": 0.5,
        "Value": 90000
      },
      {
        "Production_capacity": 15000,
        "Required_workers": 5,
        "Minimum_workers": 3,
        "Energy_use": 0.5,
        "Value": 90000
      }
    ],
    "Balance": 1000000
  },
  "Population_size": 1000000,
  "Min_base_need": 1,
  "Max_base_need": 4,
  "Quality_bias": 1,
  "Quality_spread": 1,
  "Ecology_bias": 1,
  "Ecology_spread": 1,
  "Coolness_bias": 1,
  "Coolness_spread": 1,
  "Price_bias": 1,
  "Price_spread": 1,
  "Bang_for_buck_bias": 1,
  "Bang_for_buck_spread": 1,
  "Durabilty_bias": 1,
  "Durability_spread": 1,
  "Purchasing_threshold_bias": 1,
  "Purchasing_threshold_spread": 1
}
