{
  "Offer": {
    "Product": {
      "Name":            "unnamed product",
      "Weight":          1,
      "Quality_factor":  1,
      "Ecology_factor":  1,
      "Coolness_factor": 1
    },
    "Price": 100,
    "Marketing":1000000
  },

	"Local_storage_capacity":    20000,
	"Items_in_storage":          10000,

	"Total_production_capacity": 1000,
	"Production_target":         100000,
  "Machines": [
    {
      "Id": 1,
      "Production_capacity": 10000,
      "Required_workers": 5,
      "Minimum_workers": 3,
      "Energy_use": 1,
      "Value": 100000
    },
    {
      "Id": 2,
      "Production_capacity": 10000,
      "Required_workers": 5,
      "Energy_use": 1,
      "Value": 100000
    }
  ],

	"Total_income":   10000,
	"Total_expenses": 1000,
	"Balance":        1000000.0
}
